{
  "selected_model": "logistic_regression",
  "models": {
    "logistic_regression": {
      "accuracy": 0.7913413768630234,
      "precision": 0.6351351351351351,
      "recall": 0.5026737967914439,
      "f1": 0.5611940298507463,
      "roc_auc": 0.8318478906714201,
      "confusion_matrix": [
        [
          927,
          108
        ],
        [
          186,
          188
        ]
      ]
    },
    "random_forest": {
      "accuracy": 0.7863733144073811,
      "precision": 0.6245733788395904,
      "recall": 0.4893048128342246,
      "f1": 0.5487256371814093,
      "roc_auc": 0.8348652768090108,
      "confusion_matrix": [
        [
          925,
          110
        ],
        [
          191,
          183
        ]
      ]
    }
  }
}